img,output,timestamp
.gradio\flagged\img\66ee9f12f1b55f5d1345\cardboard_393.jpg,"'

<div style=""
font-family:Arial;
background:#F8F9FA;
padding:30px;
border-radius:20px;
max-width:700px;
margin:auto;
text-align:center;
border:1px solid #DDD;
"">

<h1 style=""color:#2E7D32;"">
♻ SmartTONG AI
</h1>

<hr>

<h2 style=""color:#666;"">
Detected Material
</h2>

<h1 style=""
font-size:42px;
color:#424242;
"">

Trash

</h1>

<p style=""
font-size:22px;
color:#666;
"">

Confidence

</p>

<h2 style=""
color:#2E7D32;
"">

98.73%

</h2>

<hr>

<h2>

Recommended Disposal

</h2>

<div style=""
background:#424242;
padding:18px;
border-radius:15px;
display:inline-block;
color:white;
font-size:30px;
font-weight:bold;
"">

⚫ General Waste Bin

</div>

<br><br>

<h3>

Category

</h3>

<p style=""font-size:22px;"">

General Waste

</p>

<hr>

<h3>

♻ Recycling Tip

</h3>

<p style=""
font-size:18px;
line-height:1.7;
"">

Dispose of non-recyclable waste responsibly.

</p>

</div>

",2026-07-10 04:18:14.007927
.gradio\flagged\img\169531f74c875a1b86aa\cardboard_393.jpg,"'

<div style=""
font-family:Arial;
background:#F8F9FA;
padding:30px;
border-radius:20px;
max-width:700px;
margin:auto;
text-align:center;
border:1px solid #DDD;
"">

<h1 style=""color:#2E7D32;"">
♻ SmartTONG AI
</h1>

<hr>

<h2 style=""color:#666;"">
Detected Material
</h2>

<h1 style=""
font-size:42px;
color:#424242;
"">

Trash

</h1>

<p style=""
font-size:22px;
color:#666;
"">

Confidence

</p>

<h2 style=""
color:#2E7D32;
"">

98.73%

</h2>

<hr>

<h2>

Recommended Disposal

</h2>

<div style=""
background:#424242;
padding:18px;
border-radius:15px;
display:inline-block;
color:white;
font-size:30px;
font-weight:bold;
"">

⚫ General Waste Bin

</div>

<br><br>

<h3>

Category

</h3>

<p style=""font-size:22px;"">

General Waste

</p>

<hr>

<h3>

♻ Recycling Tip

</h3>

<p style=""
font-size:18px;
line-height:1.7;
"">

Dispose of non-recyclable waste responsibly.

</p>

</div>

",2026-07-10 04:18:17.572330
